{"IMG_0007.JPG": [[387.8788146972656, 164.19276428222656, 720.2823486328125, 202.87774658203125, 722.4417114257812, 534.4417114257812, 379.55828857421875, 541.4417114257812, 0.5]], "IMG_0012.JPG": [[358.8788146972656, 46.19276428222656, 806.2823486328125, 96.87775421142578, 811.4417114257812, 534.4417114257812, 346.55828857421875, 548.4417114257812, 0.5]], "IMG_0006.JPG": [[309.5584411621094, 208.5583038330078, 612.441650390625, 232.5581512451172, 614.4417114257812, 525.4417114257812, 305.55828857421875, 532.4417114257812, 0.5]]}