{"IMG_0006.JPG": [[358.55828857421875, 225.5583038330078, 604.4417114257812, 242.5583038330078, 600.4417114257812, 524.4417114257812, 359.55828857421875, 521.4417114257812, 0.5]], "IMG_0012.JPG": [[368.0, 74.0, 786.0, 116.0, 784.0, 536.0, 383.0, 536.0, 0.5]], "IMG_0007.JPG": [[426.5584411621094, 189.5583038330078, 705.441650390625, 211.5581512451172, 705.4417114257812, 532.4417114257812, 422.55828857421875, 533.4417114257812, 0.5]]}