{"IMG_0038.JPG": [[327.44171142578125, 225.5583038330078], [231.5583038330078, 227.5583038330078], [331.44171142578125, 370.44171142578125], [233.5583038330078, 375.44171142578125]], "IMG_0023.JPG": [[161.5583038330078, 167.5583038330078], [278.44171142578125, 169.5583038330078], [158.5583038330078, 342.44171142578125], [277.44171142578125, 342.44171142578125]], "IMG_0030.JPG": [[348.44171142578125, 88.55830383300781], [175.5583038330078, 92.55830383300781], [355.44171142578125, 351.44171142578125], [175.5583038330078, 355.44171142578125]], "IMG_0008.JPG": [[58.680389404296875, 39.33719253540039], [213.3343048095703, 92.77622985839844], [209.4416961669922, 318.44171142578125], [52.55830383300781, 322.44171142578125]], "IMG_0070.JPG": [[273.55828857421875, 230.5583038330078], [343.44171142578125, 231.5583038330078], [342.44171142578125, 337.44171142578125], [272.55828857421875, 338.44171142578125]]}